Página_principal.wikitext	Página principal
Página_principal__Artigo_em_destaque.wikitext	Página principal/Artigo em destaque
Página_principal__Imagem_do_dia.wikitext	Página principal/Imagem do dia
Category_Imagens_do_dia.wikitext	Category:Imagens do dia
Template_Infobox_religião.wikitext	Template:Infobox religião
Template_Ver_também.wikitext	Template:Ver também
Template_Citação_necessária.wikitext	Template:Citação necessária
Template_Desambiguação.wikitext	Template:Desambiguação
Category_I._Xamanismos_Hiperbóreos.wikitext	Category:I. Xamanismos Hiperbóreos
Category_Taoismo.wikitext	Category:Taoismo
Category_Confucionismo.wikitext	Category:Confucionismo
Category_Xamanismo_Siberiano.wikitext	Category:Xamanismo Siberiano
Category_Xintoísmo.wikitext	Category:Xintoísmo
Category_Religião_dos_Povos_Nativos_Americanos.wikitext	Category:Religião dos Povos Nativos Americanos
Category_Bön.wikitext	Category:Bön
Category_II._Mitologias_Arianas.wikitext	Category:II. Mitologias Arianas
Category_Hinduísmo.wikitext	Category:Hinduísmo
Category_Budismo.wikitext	Category:Budismo
Category_Religião_Greco-Romana.wikitext	Category:Religião Greco-Romana
Category_Religião_Germano-Céltica_Antiga.wikitext	Category:Religião Germano-Céltica Antiga
Category_Jainismo.wikitext	Category:Jainismo
Category_Zoroastrismo.wikitext	Category:Zoroastrismo
Category_III._Monoteísmos_Semíticos.wikitext	Category:III. Monoteísmos Semíticos
Category_Judaísmo.wikitext	Category:Judaísmo
Category_Cristianismo.wikitext	Category:Cristianismo
Category_Islã.wikitext	Category:Islã
Religio_Wiki_Doar.wikitext	Religio Wiki:Doar
Religio_Wiki_Idiomas.wikitext	Religio Wiki:Idiomas
MediaWiki_Sidebar.wikitext	MediaWiki:Sidebar
MediaWiki_categorias-religiao-heading.wikitext	MediaWiki:categorias-religiao-heading
MediaWiki_Toc.wikitext	MediaWiki:Toc
Category_Classificação_das_religiões.wikitext	Category:Classificação das religiões
Template_Artigo.wikitext	Template:Artigo
Form_Artigo.wikitext	Form:Artigo
Religio_Wiki_Criar_artigo.wikitext	Religio Wiki:Criar artigo
Modulo_Arguments.lua	Module:Arguments
Modulo_Yesno.lua	Module:Yesno
Modulo_TableTools.lua	Module:TableTools
Modulo_Exponential_search.lua	Module:Exponential search
Modulo_Citacao_CS1.lua	Módulo:Citação/CS1
Modulo_Citacao_CS1_COinS.lua	Módulo:Citação/CS1/COinS
Modulo_Citacao_CS1_Configuracao.lua	Módulo:Citação/CS1/Configuração
Modulo_Citacao_CS1_Identificadores.lua	Módulo:Citação/CS1/Identificadores
Modulo_Citacao_CS1_Utilidades.lua	Módulo:Citação/CS1/Utilidades
Modulo_Citacao_CS1_ValidacaoDatas.lua	Módulo:Citação/CS1/ValidaçãoDatas
Modulo_Citacao_CS1_Whitelist.lua	Módulo:Citação/CS1/Whitelist
Modulo_Citacao_CS1_Sugestoes.lua	Módulo:Citação/CS1/Sugestões
Modulo_Conversor_de_data.lua	Módulo:Conversor de data
Modulo_Citar_web.lua	Módulo:Citar web
Modulo_Citar_livro.lua	Módulo:Citar livro
Modulo_Citar_periodico.lua	Módulo:Citar periódico
Modulo_Citar_tese.lua	Módulo:Citar tese
Modulo_Citar_conferencia.lua	Módulo:Citar conferência
Modulo_Citar_enciclopedia.lua	Módulo:Citar enciclopédia
Modulo_Citar_audiovisual.lua	Módulo:Citar audiovisual
Predef_Citar_web.wikitext	Predefinição:Citar web
Predef_Citar_livro.wikitext	Predefinição:Citar livro
Predef_Citar_periodico.wikitext	Predefinição:Citar periódico
Predef_Citar_tese.wikitext	Predefinição:Citar tese
Predef_Citar_conferencia.wikitext	Predefinição:Citar conferência
Predef_Citar_enciclopedia.wikitext	Predefinição:Citar enciclopédia
Predef_Citar_jornal.wikitext	Predefinição:Citar jornal
Predef_Citar_video.wikitext	Predefinição:Citar vídeo
Predef_Citar_podcast.wikitext	Predefinição:Citar podcast
Predef_Citar_noticia.wikitext	Predefinição:Citar notícia
Predef_Info_Pessoa.wikitext	Predefinição:Info/Pessoa
Predef_Info_Organizacao.wikitext	Predefinição:Info/Organização
Predef_Info_Templo.wikitext	Predefinição:Info/Templo
Predef_Info_Texto_sagrado.wikitext	Predefinição:Info/Texto sagrado
Predef_Info_Evento.wikitext	Predefinição:Info/Evento
Predef_Info_Conceito.wikitext	Predefinição:Info/Conceito
Predef_Nowrap.wikitext	Predefinição:Nowrap
Predef_Nobr.wikitext	Predefinição:Nobr
Predef_Pequeno.wikitext	Predefinição:Pequeno
Predef_Grande.wikitext	Predefinição:Grande
Predef_Lista_horizontal.wikitext	Predefinição:Lista horizontal
Predef_Artigo_principal.wikitext	Predefinição:Artigo principal
Predef_Ver_também_nav.wikitext	Predefinição:Artigos relacionados
Predef_Commons.wikitext	Predefinição:Commons
Predef_Ancora.wikitext	Predefinição:Âncora
Predef_Navbox.wikitext	Predefinição:Navbox
Predef_Em_desenvolvimento.wikitext	Predefinição:Em desenvolvimento
Predef_Reciclagem.wikitext	Predefinição:Reciclagem
Predef_Expandir.wikitext	Predefinição:Expandir
Predef_Fusao.wikitext	Predefinição:Fusão
Predef_Contextualizar.wikitext	Predefinição:Contextualizar
Predef_Sem_fontes.wikitext	Predefinição:Sem fontes
Religio_Wiki_Politica_de_privacidade.wikitext	Religio Wiki:Política de privacidade
Religio_Wiki_Sobre.wikitext	Religio Wiki:Sobre
Religio_Wiki_Avisos_gerais.wikitext	Religio Wiki:Avisos gerais
Religio_Wiki_Codigo_de_Conduta.wikitext	Religio Wiki:Código de Conduta
MediaWiki_Copyright.wikitext	MediaWiki:Copyright
MediaWiki_Privacypage.wikitext	MediaWiki:Privacypage
MediaWiki_Aboutpage.wikitext	MediaWiki:Aboutpage
MediaWiki_Aboutsite.wikitext	MediaWiki:Aboutsite
MediaWiki_Disclaimerpage.wikitext	MediaWiki:Disclaimerpage
MediaWiki_Disclaimers.wikitext	MediaWiki:Disclaimers
